{
  "current-scene": "6962d389-b02c-41bc-937c-43c2f47d6fbc",
  "camera-infos": {
    "6962d389-b02c-41bc-937c-43c2f47d6fbc": {
      "position": {
        "x": -6.363303148605865,
        "y": 5.917157543520382,
        "z": 22.083244457940175
      },
      "rotation": {
        "w": 0.987165803655854,
        "x": -0.08037395077007596,
        "y": -0.13754378962043595,
        "z": -0.011198663623417595
      },
      "viewCenter": {
        "x": 0.11299040999907517,
        "y": 2.033510645472102,
        "z": -0.7060876961455618
      }
    }
  },
  "camera-uuids": [
    "6962d389-b02c-41bc-937c-43c2f47d6fbc"
  ],
  "gizmos-infos": {
    "iconGizmoSize": 2,
    "isGridVisible": true,
    "isIconGizmo3D": false
  }
}
