{
  "current-scene": "6962d389-b02c-41bc-937c-43c2f47d6fbc",
  "camera-infos": {
    "6962d389-b02c-41bc-937c-43c2f47d6fbc": {
      "position": {
        "x": 0.2217175926767633,
        "y": 2.945453375639487,
        "z": 10.302886507187097
      },
      "rotation": {
        "w": 0.9902701809118301,
        "x": -0.13874160134063693,
        "y": 0.010654048566682752,
        "z": 0.0014926832973415505
      },
      "viewCenter": {
        "x": 0,
        "y": 0,
        "z": 0
      }
    }
  },
  "camera-uuids": [
    "6962d389-b02c-41bc-937c-43c2f47d6fbc"
  ],
  "gizmos-infos": {
    "iconGizmoSize": 2,
    "isGridVisible": true,
    "isIconGizmo3D": false
  }
}
