{
  "current-scene": "6962d389-b02c-41bc-937c-43c2f47d6fbc",
  "camera-infos": {
    "6962d389-b02c-41bc-937c-43c2f47d6fbc": {
      "position": {
        "x": 2.8564969672624563,
        "y": 5.352293835620085,
        "z": 24.94834989457197
      },
      "rotation": {
        "w": 0.9928774469439571,
        "x": -0.10463695567581721,
        "y": 0.056655385552563116,
        "z": 0.005970774223049069
      },
      "viewCenter": {
        "x": -7.66053886991358e-15,
        "y": 2.6867397195928788e-14,
        "z": 1.127986593019159e-13
      }
    }
  },
  "camera-uuids": [
    "6962d389-b02c-41bc-937c-43c2f47d6fbc"
  ],
  "gizmos-infos": {
    "iconGizmoSize": 2,
    "isGridVisible": true,
    "isIconGizmo3D": false
  }
}
